--
-- PostgreSQL database dump
--

-- Dumped from database version 14.17 (Homebrew)
-- Dumped by pg_dump version 14.17 (Homebrew)

SET statement_timeout = 0;
SET lock_timeout = 0;
SET idle_in_transaction_session_timeout = 0;
SET client_encoding = 'UTF8';
SET standard_conforming_strings = on;
SELECT pg_catalog.set_config('search_path', '', false);
SET check_function_bodies = false;
SET xmloption = content;
SET client_min_messages = warning;
SET row_security = off;

--
-- Name: Identity; Type: SCHEMA; Schema: -; Owner: postgres
--

CREATE SCHEMA "Identity";


ALTER SCHEMA "Identity" OWNER TO postgres;

SET default_tablespace = '';

SET default_table_access_method = heap;

--
-- Name: AiRecommendations; Type: TABLE; Schema: Identity; Owner: postgres
--

CREATE TABLE "Identity"."AiRecommendations" (
    "Id" uuid NOT NULL,
    "UserId" text NOT NULL,
    "RecommendationDate" timestamp with time zone NOT NULL,
    "PrimaryPath" text NOT NULL,
    "Justification" text NOT NULL,
    "LongTermGoal" text NOT NULL,
    "AiRecommendationId" uuid
);


ALTER TABLE "Identity"."AiRecommendations" OWNER TO postgres;

--
-- Name: AspNetRoleClaims; Type: TABLE; Schema: Identity; Owner: postgres
--

CREATE TABLE "Identity"."AspNetRoleClaims" (
    "Id" integer NOT NULL,
    "RoleId" text NOT NULL,
    "ClaimType" text,
    "ClaimValue" text
);


ALTER TABLE "Identity"."AspNetRoleClaims" OWNER TO postgres;

--
-- Name: AspNetRoleClaims_Id_seq; Type: SEQUENCE; Schema: Identity; Owner: postgres
--

ALTER TABLE "Identity"."AspNetRoleClaims" ALTER COLUMN "Id" ADD GENERATED BY DEFAULT AS IDENTITY (
    SEQUENCE NAME "Identity"."AspNetRoleClaims_Id_seq"
    START WITH 1
    INCREMENT BY 1
    NO MINVALUE
    NO MAXVALUE
    CACHE 1
);


--
-- Name: AspNetRoles; Type: TABLE; Schema: Identity; Owner: postgres
--

CREATE TABLE "Identity"."AspNetRoles" (
    "Id" text NOT NULL,
    "Name" character varying(256),
    "NormalizedName" character varying(256),
    "ConcurrencyStamp" text
);


ALTER TABLE "Identity"."AspNetRoles" OWNER TO postgres;

--
-- Name: AspNetUserClaims; Type: TABLE; Schema: Identity; Owner: postgres
--

CREATE TABLE "Identity"."AspNetUserClaims" (
    "Id" integer NOT NULL,
    "UserId" text NOT NULL,
    "ClaimType" text,
    "ClaimValue" text
);


ALTER TABLE "Identity"."AspNetUserClaims" OWNER TO postgres;

--
-- Name: AspNetUserClaims_Id_seq; Type: SEQUENCE; Schema: Identity; Owner: postgres
--

ALTER TABLE "Identity"."AspNetUserClaims" ALTER COLUMN "Id" ADD GENERATED BY DEFAULT AS IDENTITY (
    SEQUENCE NAME "Identity"."AspNetUserClaims_Id_seq"
    START WITH 1
    INCREMENT BY 1
    NO MINVALUE
    NO MAXVALUE
    CACHE 1
);


--
-- Name: AspNetUserLogins; Type: TABLE; Schema: Identity; Owner: postgres
--

CREATE TABLE "Identity"."AspNetUserLogins" (
    "LoginProvider" text NOT NULL,
    "ProviderKey" text NOT NULL,
    "ProviderDisplayName" text,
    "UserId" text NOT NULL
);


ALTER TABLE "Identity"."AspNetUserLogins" OWNER TO postgres;

--
-- Name: AspNetUserRoles; Type: TABLE; Schema: Identity; Owner: postgres
--

CREATE TABLE "Identity"."AspNetUserRoles" (
    "UserId" text NOT NULL,
    "RoleId" text NOT NULL
);


ALTER TABLE "Identity"."AspNetUserRoles" OWNER TO postgres;

--
-- Name: AspNetUserTokens; Type: TABLE; Schema: Identity; Owner: postgres
--

CREATE TABLE "Identity"."AspNetUserTokens" (
    "UserId" text NOT NULL,
    "LoginProvider" text NOT NULL,
    "Name" text NOT NULL,
    "Value" text
);


ALTER TABLE "Identity"."AspNetUserTokens" OWNER TO postgres;

--
-- Name: AspNetUsers; Type: TABLE; Schema: Identity; Owner: postgres
--

CREATE TABLE "Identity"."AspNetUsers" (
    "Id" text NOT NULL,
    "UserName" character varying(256),
    "NormalizedUserName" character varying(256),
    "Email" character varying(256),
    "NormalizedEmail" character varying(256),
    "EmailConfirmed" boolean NOT NULL,
    "PasswordHash" text,
    "SecurityStamp" text,
    "ConcurrencyStamp" text,
    "PhoneNumber" text,
    "PhoneNumberConfirmed" boolean NOT NULL,
    "TwoFactorEnabled" boolean NOT NULL,
    "LockoutEnd" timestamp with time zone,
    "LockoutEnabled" boolean NOT NULL,
    "AccessFailedCount" integer NOT NULL
);


ALTER TABLE "Identity"."AspNetUsers" OWNER TO postgres;

--
-- Name: CareerPath; Type: TABLE; Schema: Identity; Owner: postgres
--

CREATE TABLE "Identity"."CareerPath" (
    "Id" uuid NOT NULL,
    "CareerName" text NOT NULL,
    "Description" text NOT NULL,
    "Probability" text NOT NULL,
    "RequiredSkills" text[] NOT NULL,
    "MarketAnalysis" text[] NOT NULL,
    "RecommendedCourses" text[] NOT NULL,
    "SwotAnalysisId" uuid NOT NULL,
    "CareerStatisticsId" uuid,
    "AiRecommendationId" uuid
);


ALTER TABLE "Identity"."CareerPath" OWNER TO postgres;

--
-- Name: CareerStatistics; Type: TABLE; Schema: Identity; Owner: postgres
--

CREATE TABLE "Identity"."CareerStatistics" (
    "Id" uuid NOT NULL,
    "CareerName" text NOT NULL,
    "AverageSalaryMin" numeric NOT NULL,
    "AverageSalaryMax" numeric NOT NULL,
    "EmploymentRate" integer NOT NULL,
    "GrowthForecast" text NOT NULL,
    "LastUpdated" timestamp with time zone NOT NULL,
    "AiRecommendationId" uuid NOT NULL
);


ALTER TABLE "Identity"."CareerStatistics" OWNER TO postgres;

--
-- Name: CertificateEntry; Type: TABLE; Schema: Identity; Owner: postgres
--

CREATE TABLE "Identity"."CertificateEntry" (
    "Id" integer NOT NULL,
    "Name" text NOT NULL,
    "Date" timestamp with time zone,
    "Issuer" text,
    "UserProfileUserId" text
);


ALTER TABLE "Identity"."CertificateEntry" OWNER TO postgres;

--
-- Name: CertificateEntry_Id_seq; Type: SEQUENCE; Schema: Identity; Owner: postgres
--

ALTER TABLE "Identity"."CertificateEntry" ALTER COLUMN "Id" ADD GENERATED BY DEFAULT AS IDENTITY (
    SEQUENCE NAME "Identity"."CertificateEntry_Id_seq"
    START WITH 1
    INCREMENT BY 1
    NO MINVALUE
    NO MAXVALUE
    CACHE 1
);


--
-- Name: EducationEntry; Type: TABLE; Schema: Identity; Owner: postgres
--

CREATE TABLE "Identity"."EducationEntry" (
    "Id" integer NOT NULL,
    "Institution" text NOT NULL,
    "Degree" text NOT NULL,
    "Field" text NOT NULL,
    "StartDate" timestamp with time zone,
    "EndDate" timestamp with time zone,
    "UserProfileUserId" text
);


ALTER TABLE "Identity"."EducationEntry" OWNER TO postgres;

--
-- Name: EducationEntry_Id_seq; Type: SEQUENCE; Schema: Identity; Owner: postgres
--

ALTER TABLE "Identity"."EducationEntry" ALTER COLUMN "Id" ADD GENERATED BY DEFAULT AS IDENTITY (
    SEQUENCE NAME "Identity"."EducationEntry_Id_seq"
    START WITH 1
    INCREMENT BY 1
    NO MINVALUE
    NO MAXVALUE
    CACHE 1
);


--
-- Name: GeneratedCvs; Type: TABLE; Schema: Identity; Owner: postgres
--

CREATE TABLE "Identity"."GeneratedCvs" (
    "Id" uuid NOT NULL,
    "UserId" text NOT NULL,
    "Position" text,
    "CvJson" character varying(8000) NOT NULL,
    "RawApiResponse" character varying(8000) NOT NULL,
    "GeneratedAt" timestamp with time zone NOT NULL
);


ALTER TABLE "Identity"."GeneratedCvs" OWNER TO postgres;

--
-- Name: LanguageEntry; Type: TABLE; Schema: Identity; Owner: postgres
--

CREATE TABLE "Identity"."LanguageEntry" (
    "Id" integer NOT NULL,
    "Language" text NOT NULL,
    "Level" text NOT NULL,
    "UserProfileUserId" text
);


ALTER TABLE "Identity"."LanguageEntry" OWNER TO postgres;

--
-- Name: LanguageEntry_Id_seq; Type: SEQUENCE; Schema: Identity; Owner: postgres
--

ALTER TABLE "Identity"."LanguageEntry" ALTER COLUMN "Id" ADD GENERATED BY DEFAULT AS IDENTITY (
    SEQUENCE NAME "Identity"."LanguageEntry_Id_seq"
    START WITH 1
    INCREMENT BY 1
    NO MINVALUE
    NO MAXVALUE
    CACHE 1
);


--
-- Name: MarketTrends; Type: TABLE; Schema: Identity; Owner: postgres
--

CREATE TABLE "Identity"."MarketTrends" (
    "Id" uuid NOT NULL,
    "TrendName" text NOT NULL,
    "Description" text NOT NULL,
    "Impact" text NOT NULL,
    "StartDate" timestamp with time zone NOT NULL,
    "EndDate" timestamp with time zone,
    "AiRecommendationId" uuid NOT NULL
);


ALTER TABLE "Identity"."MarketTrends" OWNER TO postgres;

--
-- Name: NextStep; Type: TABLE; Schema: Identity; Owner: postgres
--

CREATE TABLE "Identity"."NextStep" (
    "Id" uuid NOT NULL,
    "Step" text NOT NULL,
    "AiRecommendationId" uuid
);


ALTER TABLE "Identity"."NextStep" OWNER TO postgres;

--
-- Name: ServiceCosts; Type: TABLE; Schema: Identity; Owner: postgres
--

CREATE TABLE "Identity"."ServiceCosts" (
    "Id" integer NOT NULL,
    "ServiceName" text NOT NULL,
    "TokenCost" integer NOT NULL
);


ALTER TABLE "Identity"."ServiceCosts" OWNER TO postgres;

--
-- Name: ServiceCosts_Id_seq; Type: SEQUENCE; Schema: Identity; Owner: postgres
--

ALTER TABLE "Identity"."ServiceCosts" ALTER COLUMN "Id" ADD GENERATED BY DEFAULT AS IDENTITY (
    SEQUENCE NAME "Identity"."ServiceCosts_Id_seq"
    START WITH 1
    INCREMENT BY 1
    NO MINVALUE
    NO MAXVALUE
    CACHE 1
);


--
-- Name: SkillDemand; Type: TABLE; Schema: Identity; Owner: postgres
--

CREATE TABLE "Identity"."SkillDemand" (
    "Id" uuid NOT NULL,
    "SkillName" text NOT NULL,
    "Industry" text NOT NULL,
    "DemandLevel" text NOT NULL,
    "LastUpdated" timestamp with time zone NOT NULL,
    "AiRecommendationId" uuid NOT NULL
);


ALTER TABLE "Identity"."SkillDemand" OWNER TO postgres;

--
-- Name: SwotAnalysis; Type: TABLE; Schema: Identity; Owner: postgres
--

CREATE TABLE "Identity"."SwotAnalysis" (
    "Id" uuid NOT NULL,
    "Strengths" text[] NOT NULL,
    "Weaknesses" text[] NOT NULL,
    "Opportunities" text[] NOT NULL,
    "Threats" text[] NOT NULL
);


ALTER TABLE "Identity"."SwotAnalysis" OWNER TO postgres;

--
-- Name: TokenTransactions; Type: TABLE; Schema: Identity; Owner: postgres
--

CREATE TABLE "Identity"."TokenTransactions" (
    "Id" integer NOT NULL,
    "UserId" text NOT NULL,
    "ServiceName" text NOT NULL,
    "Amount" integer NOT NULL,
    "Type" integer NOT NULL,
    "CreatedAt" timestamp with time zone NOT NULL
);


ALTER TABLE "Identity"."TokenTransactions" OWNER TO postgres;

--
-- Name: TokenTransactions_Id_seq; Type: SEQUENCE; Schema: Identity; Owner: postgres
--

ALTER TABLE "Identity"."TokenTransactions" ALTER COLUMN "Id" ADD GENERATED BY DEFAULT AS IDENTITY (
    SEQUENCE NAME "Identity"."TokenTransactions_Id_seq"
    START WITH 1
    INCREMENT BY 1
    NO MINVALUE
    NO MAXVALUE
    CACHE 1
);


--
-- Name: UserBillings; Type: TABLE; Schema: Identity; Owner: postgres
--

CREATE TABLE "Identity"."UserBillings" (
    "UserId" text NOT NULL,
    "TokenBalance" integer NOT NULL,
    "StripeCustomerId" text,
    "StripeSubscriptionId" text,
    "SubscriptionStatus" integer NOT NULL,
    "SubscriptionLevel" integer NOT NULL,
    "LastTokenPurchaseDate" timestamp with time zone,
    "SubscriptionEndDate" timestamp with time zone
);


ALTER TABLE "Identity"."UserBillings" OWNER TO postgres;

--
-- Name: UserProfiles; Type: TABLE; Schema: Identity; Owner: postgres
--

CREATE TABLE "Identity"."UserProfiles" (
    "UserId" text NOT NULL,
    "FirstName" text NOT NULL,
    "LastName" text NOT NULL,
    "Country" text NOT NULL,
    "Address" text,
    "PhoneNumber" text,
    "Skills" text[] NOT NULL,
    "AdditionalInformation" text,
    "AboutMe" text,
    "PersonalityType" integer NOT NULL
);


ALTER TABLE "Identity"."UserProfiles" OWNER TO postgres;

--
-- Name: WorkExperienceEntry; Type: TABLE; Schema: Identity; Owner: postgres
--

CREATE TABLE "Identity"."WorkExperienceEntry" (
    "Id" integer NOT NULL,
    "Company" text NOT NULL,
    "Position" text NOT NULL,
    "Description" text NOT NULL,
    "Responsibilities" text[],
    "StartDate" timestamp with time zone,
    "EndDate" timestamp with time zone,
    "UserProfileUserId" text
);


ALTER TABLE "Identity"."WorkExperienceEntry" OWNER TO postgres;

--
-- Name: WorkExperienceEntry_Id_seq; Type: SEQUENCE; Schema: Identity; Owner: postgres
--

ALTER TABLE "Identity"."WorkExperienceEntry" ALTER COLUMN "Id" ADD GENERATED BY DEFAULT AS IDENTITY (
    SEQUENCE NAME "Identity"."WorkExperienceEntry_Id_seq"
    START WITH 1
    INCREMENT BY 1
    NO MINVALUE
    NO MAXVALUE
    CACHE 1
);


--
-- Name: __EFMigrationsHistory; Type: TABLE; Schema: public; Owner: postgres
--

CREATE TABLE public."__EFMigrationsHistory" (
    "MigrationId" character varying(150) NOT NULL,
    "ProductVersion" character varying(32) NOT NULL
);


ALTER TABLE public."__EFMigrationsHistory" OWNER TO postgres;

--
-- Data for Name: AiRecommendations; Type: TABLE DATA; Schema: Identity; Owner: postgres
--

COPY "Identity"."AiRecommendations" ("Id", "UserId", "RecommendationDate", "PrimaryPath", "Justification", "LongTermGoal", "AiRecommendationId") FROM stdin;
0196dfdd-3a6d-70e5-af75-a6367493e1ff	9af6a113-a51e-4ea1-8c9f-8c0f7a103081	2025-05-17 22:08:59.744175+02	Java Developer	Ze względu na posiadane umiejętności Java oraz potencjalnie dobre zdolności komunikacyjne (typ osobowości Entertainer), ścieżka Java Developera oferuje najlepszy balans między wymaganymi umiejętnościami a potencjałem na rynku pracy w Polsce	Rozwój kariery jako Senior Java Developer ze specjalizacją w technologiach backendowych lub rozwiązaniach enterprise	\N
0196e835-991e-7a57-ae20-c62e76ee94b8	8ed529b5-a278-43a2-acf2-ef376f541fc9	2025-05-19 13:02:28.889183+02	Ceramik / Artysta garncarz	Ścieżka ceramika jest najlepiej dopasowana do Twoich unikalnych umiejętności manualnych, kreatywności oraz pasji do garncarstwa. Twoje osiągnięcia, takie jak stworzenie zastawy dla królowej Elżbiety, są ogromnym atutem budującym wiarygodność i markę osobistą. Rynek rękodzieła rośnie, a Wrocław oferuje korzystne warunki do rozwoju własnej działalności artystycznej.	Stworzenie rozpoznawalnej marki ceramiki z Wrocławia, eksportującej produkty na rynek europejski i światowy.	\N
0196e837-7cb9-7090-8b0d-7a139c468ea6	8ed529b5-a278-43a2-acf2-ef376f541fc9	2025-05-19 13:04:32.696483+02	Artysta ceramik / Garncarz	Ta ścieżka kariery najlepiej wykorzystuje Twoją pasję i doświadczenie w garncarstwie. Posiadasz już znaczące osiągnięcie (zastawa dla rodziny królewskiej), które może być świetnym elementem portfolio i marketingu. Jako typ osobowości Protagonist masz predyspozycje do skutecznego prezentowania swojej sztuki i nawiązywania relacji z klientami.	Utworzenie własnej, rozpoznawalnej marki ceramicznej z autorską linią produktów oraz pracownią z możliwością prowadzenia warsztatów garncarskich	\N
0196e842-1bcb-7dba-9cd3-f00990f5d3b0	45e22e8c-da6b-4e36-bad9-8c9528083072	2025-05-19 13:16:08.779312+02	Spawacz podwodny	Na podstawie Twojego profilu, w którym wspominasz o zamiłowaniu do spawania i wody, ścieżka spawacza podwodnego wydaje się idealnie dopasowana do Twoich zainteresowań. Dodatkowo, jest to jedna z najlepiej opłacanych specjalizacji w branży spawalniczej, o dużym potencjale rozwoju zawodowego i wysokim zapotrzebowaniu na rynku pracy.	Stanie się wysoko wykwalifikowanym spawaczem podwodnym, zdolnym do pracy przy międzynarodowych projektach z możliwością rozwoju w kierunku samodzielnego eksperta lub konsultanta w dziedzinie spawalnictwa podwodnego	\N
0196e86f-cc4f-75d3-aefa-a4729f00bfe2	45e22e8c-da6b-4e36-bad9-8c9528083072	2025-05-19 14:06:03.087236+02	Spawacz podwodny	Biorąc pod uwagę Twoje zainteresowanie spawaniem i wodą ("spawam, lubie spawac, lubie wode, wiec spawam pod woda"), ścieżka spawacza podwodnego idealnie łączy obie te pasje. Twój przedsiębiorczy typ osobowości sugeruje, że dobrze odnajdziesz się w dynamicznym środowisku pracy wymagającym podejmowania szybkich decyzji. Ta specjalizacja oferuje również najwyższe wynagrodzenie spośród przedstawionych opcji oraz największe możliwości rozwoju zawodowego na rynku międzynarodowym.	Zostanie certyfikowanym, doświadczonym spawaczem podwodnym z możliwością pracy przy międzynarodowych projektach offshore, z perspektywą prowadzenia własnego zespołu specjalistów lub założenia firmy świadczącej usługi spawania podwodnego	\N
\.


--
-- Data for Name: AspNetRoleClaims; Type: TABLE DATA; Schema: Identity; Owner: postgres
--

COPY "Identity"."AspNetRoleClaims" ("Id", "RoleId", "ClaimType", "ClaimValue") FROM stdin;
\.


--
-- Data for Name: AspNetRoles; Type: TABLE DATA; Schema: Identity; Owner: postgres
--

COPY "Identity"."AspNetRoles" ("Id", "Name", "NormalizedName", "ConcurrencyStamp") FROM stdin;
\.


--
-- Data for Name: AspNetUserClaims; Type: TABLE DATA; Schema: Identity; Owner: postgres
--

COPY "Identity"."AspNetUserClaims" ("Id", "UserId", "ClaimType", "ClaimValue") FROM stdin;
\.


--
-- Data for Name: AspNetUserLogins; Type: TABLE DATA; Schema: Identity; Owner: postgres
--

COPY "Identity"."AspNetUserLogins" ("LoginProvider", "ProviderKey", "ProviderDisplayName", "UserId") FROM stdin;
\.


--
-- Data for Name: AspNetUserRoles; Type: TABLE DATA; Schema: Identity; Owner: postgres
--

COPY "Identity"."AspNetUserRoles" ("UserId", "RoleId") FROM stdin;
\.


--
-- Data for Name: AspNetUserTokens; Type: TABLE DATA; Schema: Identity; Owner: postgres
--

COPY "Identity"."AspNetUserTokens" ("UserId", "LoginProvider", "Name", "Value") FROM stdin;
\.


--
-- Data for Name: AspNetUsers; Type: TABLE DATA; Schema: Identity; Owner: postgres
--

COPY "Identity"."AspNetUsers" ("Id", "UserName", "NormalizedUserName", "Email", "NormalizedEmail", "EmailConfirmed", "PasswordHash", "SecurityStamp", "ConcurrencyStamp", "PhoneNumber", "PhoneNumberConfirmed", "TwoFactorEnabled", "LockoutEnd", "LockoutEnabled", "AccessFailedCount") FROM stdin;
9af6a113-a51e-4ea1-8c9f-8c0f7a103081	test2@gmail.com	TEST2@GMAIL.COM	test2@gmail.com	TEST2@GMAIL.COM	f	AQAAAAIAAYagAAAAEJfRN2O06WpkAVsIBKCGjIaPn/0J3oQMQhTaZf+rI3YbbkpImQKYXK2gjTWwJZCkJw==	7KLRWDVBGYN2W6T7PL3KRM3NK6HBYMJJ	638e1ecd-e7cc-4812-a28a-f2c78fb10d96	\N	f	f	\N	t	0
8ed529b5-a278-43a2-acf2-ef376f541fc9	test3@gmail.com	TEST3@GMAIL.COM	test3@gmail.com	TEST3@GMAIL.COM	f	AQAAAAIAAYagAAAAEH48Lgd1sCDna6DGVA5Qy3O/QJNe/oh+GGCFeU14IqXdvQzrtaI1LQYeS9idQnfwug==	53S3SBXE7BXHI6ET4PKO7JWQTUKW6KTA	6bfafde6-bd15-47b3-896e-8cfd04a758f7	\N	f	f	\N	t	0
45e22e8c-da6b-4e36-bad9-8c9528083072	test4@gmail.com	TEST4@GMAIL.COM	test4@gmail.com	TEST4@GMAIL.COM	f	AQAAAAIAAYagAAAAEO65tz5gwf1jxPNPqHbjyNjiBx9R62IBs3VQ+EvkjGRhQSwrisiMW8xs6G+WUcNu/w==	CNE4GXFLGSL5VGCLVMBW4XCXNDQH6QS4	992a1ab6-6e76-4212-8faa-9594c89e4664	\N	f	f	\N	t	0
9ddd5938-c322-456e-9432-4d28ab11f020	test5@gmail.com	TEST5@GMAIL.COM	test5@gmail.com	TEST5@GMAIL.COM	f	AQAAAAIAAYagAAAAEA0pICd94PcExqDRynkSY5+kEKvVzw0RLxC3nHiyYykwebuMgRn6nwTvFy3VyB6JVQ==	C4GZMLFSD4J75VIVI7MCISV5X2OS6WGO	8307455b-168a-4ac3-a8fc-63c25c977af6	\N	f	f	\N	t	0
dd83df42-8ecd-4cae-8b81-b0ec416639e5	test6@gmail.com	TEST6@GMAIL.COM	test6@gmail.com	TEST6@GMAIL.COM	f	AQAAAAIAAYagAAAAECrmPB55woHucB7RgSuaytPFXoV3WkoLFaJpySyMolu9LxBvEHam4W4wt/bQHMVYNg==	FOUABDFGKIDMPCVRZLG4KQUHFP6VCOK7	94bf71c1-8102-478f-87a1-d6564e16c789	\N	f	f	\N	t	0
\.


--
-- Data for Name: CareerPath; Type: TABLE DATA; Schema: Identity; Owner: postgres
--

COPY "Identity"."CareerPath" ("Id", "CareerName", "Description", "Probability", "RequiredSkills", "MarketAnalysis", "RecommendedCourses", "SwotAnalysisId", "CareerStatisticsId", "AiRecommendationId") FROM stdin;
0196dfdd-3a81-761d-832d-727314293062	Java Developer	Specjalista tworzący aplikacje w języku Java, pracujący zarówno nad aplikacjami webowymi jak i desktopowymi	85	{Java,"Spring Framework",SQL,Git,Maven/Gradle}	{"Wysoki popyt na programistów Java w Polsce, szczególnie w dużych miastach","Rosnący trend w kierunku aplikacji webowych opartych o mikrousługi","Stabilny rynek pracy z długoterminowymi perspektywami"}	{"Kurs Spring Framework - od podstaw do eksperta","Java - programowanie zaawansowane","Praca z JSON i XML w praktyce"}	0196dfdd-3a89-714a-b873-11033ea4469a	\N	0196dfdd-3a6d-70e5-af75-a6367493e1ff
0196dfdd-3a8e-741c-ab20-669ca7b35959	DevOps Engineer (Java)	Specjalista łączący wiedzę programistyczną (Java) z umiejętnościami administracji systemami	70	{Java,Docker,Kubernetes,CI/CD,Linux}	{"Rosnące zapotrzebowanie na inżynierów DevOps ze znajomością Javy","Trend w kierunku automatyzacji procesów wytwarzania oprogramowania","Popyt na specjalistów z umiejętnościami programistycznymi i administracyjnymi"}	{"DevOps - od podstaw do zaawansowanych praktyk","Docker i Kubernetes dla programistów Java","Automatyzacja procesów CI/CD"}	0196dfdd-3a8e-7829-9982-c06eecb19398	\N	0196dfdd-3a6d-70e5-af75-a6367493e1ff
0196dfdd-3a8e-7643-bfe9-024db25cc6b2	Tech Evangelist (Java)	Osoba promująca technologie Java, łącząca umiejętności techniczne z umiejętnościami komunikacyjnymi	65	{Java,"Umiejętności prezentacyjne","Tworzenie treści","Media społecznościowe"}	{"Rosnące zapotrzebowanie na osoby potrafiące tłumaczyć złożone zagadnienia techniczne","Firmy technologiczne poszukują ambasadorów swoich produktów","Możliwość pracy freelance lub dla dużych korporacji"}	{"Sztuka wystąpień publicznych","Content marketing w branży IT","Zaawansowane techniki programowania w Java"}	0196dfdd-3a8f-7696-b8d1-1a2b3f412188	\N	0196dfdd-3a6d-70e5-af75-a6367493e1ff
0196e835-9928-72a6-8b28-c1ff2f26edc3	Ceramik / Artysta garncarz	Tworzenie unikalnych wyrobów ceramicznych i zestawów naczyń, zarówno użytkowych, jak i artystycznych, z możliwością prowadzenia własnej pracowni lub współpracy z galeriami.	85	{garncarstwo,malowanie,rysowanie,kreatywność,precyzja}	{"Rynek rękodzieła w Polsce dynamicznie się rozwija, rośnie zainteresowanie unikalnymi produktami tworzonymi ręcznie.","Wrocław to miasto, gdzie działają liczne galerie sztuki i miejsca z wyrobami lokalnych artystów.","Rosnąca popularność ceramiki użytkowej i artystycznej na rynku krajowym i międzynarodowym."}	{"Ceramika artystyczna – kurs zaawansowany (Akademia Sztuk Pięknych Wrocław)","Budowanie marki osobistej artysty (online, Udemy)","E-commerce dla rękodzielników (Akademia PARP)"}	0196e835-992f-7be2-9832-a06b01854155	\N	0196e835-991e-7a57-ae20-c62e76ee94b8
0196e835-9933-7456-9f1c-2f8155df5840	Animator kultury / Instruktor zajęć artystycznych	Prowadzenie warsztatów plastycznych, muzycznych lub ceramicznych w domach kultury, szkołach czy galeriach, promując rozwój artystyczny lokalnej społeczności.	70	{malowanie,śpiewanie,rysowanie,"umiejętność pracy z grupą","organizacja zajęć"}	{"We Wrocławiu dynamicznie rozwija się sektor instytucji kultury i edukacji artystycznej.","Rosnące zapotrzebowanie na kreatywnych instruktorów w przedszkolach, szkołach i centrach kultury.","Projekt Kreatywna Polska wspiera edukację artystyczną dla dzieci i dorosłych."}	{"Instruktor zajęć artystycznych (Centrum Edukacji Kulturalnej Wrocław)","Metodyka prowadzenia warsztatów kreatywnych (online)","Animacja kultury – studia podyplomowe (Uniwersytet Wrocławski)"}	0196e835-9933-7808-acad-4162cecc23f3	\N	0196e835-991e-7a57-ae20-c62e76ee94b8
0196e835-9933-7f81-bc84-eb5ec89cec63	Specjalista ds. digitalizacji sztuki / Twórca treści kreatywnych	Tworzenie i edycja treści cyfrowych związanych ze sztuką i rękodziełem, obsługa programów graficznych oraz prowadzenie bloga, social mediów lub sklepu online.	60	{paint,Word,Excel,rysowanie,"podstawy grafiki komputerowej"}	{"W Polsce rośnie zapotrzebowanie na ekspertów ds. marketingu internetowego oraz prowadzenia kanałów social media dla artystów.","Coraz więcej twórców rękodzieła rozwija działalność online, prezentując prace w mediach społecznościowych.","Popularność platform sprzedażowych (Etsy, Pakamera) umożliwia zdobycie klientów z całego świata."}	{"Podstawy grafiki komputerowej (CANVA, Photoshop, online)","Marketing internetowy i social media dla twórców (Akademia PARP)","E-commerce dla artystów (Kurs online, Skillshare)"}	0196e835-9933-7aaa-8b86-bf157c9cc5cb	\N	0196e835-991e-7a57-ae20-c62e76ee94b8
0196e837-7cba-7760-809f-b38d19e6cb94	Instruktor warsztatów artystycznych	Prowadzenie warsztatów artystycznych (garncarstwo, malarstwo, rysunek) dla różnych grup wiekowych w ośrodkach kultury, szkołach i firmach.	80	{Garncarstwo,Malowanie,Rysowanie,"Umiejętności komunikacyjne","Organizacja pracy"}	{"Wzrost zainteresowania aktywnościami rozwojowymi i warsztatami artystycznymi we Wrocławiu","Zapotrzebowanie na warsztaty integracyjne dla firm jako element budowania zespołu","Potencjał rozwoju warsztatów online i hybrydowych"}	{"Pedagogika artystyczna - studia podyplomowe we Wrocławiu","Kurs instruktorski - Wojewódzki Dom Kultury","Podstawy psychologii grup - szkolenie online"}	0196e837-7cba-7dc3-ace8-c814231b32ec	\N	0196e837-7cb9-7090-8b0d-7a139c468ea6
0196e837-7cba-79ed-bcb7-47b49d2e5bc0	Ilustrator / Artysta wizualny	Tworzenie ilustracji, rysunków i grafik na potrzeby wydawnictw, reklamy, mediów społecznościowych i innych kanałów komunikacji wizualnej.	75	{Rysowanie,Malowanie,"Podstawy programów graficznych",Kreatywność}	{"Rosnące zapotrzebowanie na unikatowe treści wizualne w mediach społecznościowych","Rozwój rynku wydawniczego we Wrocławiu i Polsce","Możliwość pracy zdalnej dla klientów z całego świata"}	{"Grafika cyfrowa - kurs na platformie Udemy","Ilustracja książkowa - warsztaty Miejskiej Biblioteki Publicznej we Wrocławiu","Adobe Illustrator i Photoshop - szkolenie certyfikowane"}	0196e837-7cba-786e-96c7-dc3500144e25	\N	0196e837-7cb9-7090-8b0d-7a139c468ea6
0196e837-7cba-7d07-9043-7939b2bac198	Artysta ceramik / Garncarz	Specjalizacja w tworzeniu ceramiki artystycznej i użytkowej, z możliwością prowadzenia własnej pracowni lub współpracy z galeriami sztuki.	90	{Garncarstwo,"Zdolności manualne","Zmysł artystyczny","Podstawy marketingu"}	{"Rosnące zainteresowanie ręcznie wykonanymi produktami we Wrocławiu i całej Polsce","Rozwój rynku luksusowych produktów ceramicznych i zastawy stołowej","Możliwość sprzedaży online i dotarcia do klientów międzynarodowych"}	{"Zaawansowane techniki ceramiczne - Akademia Sztuk Pięknych we Wrocławiu","Marketing dla artystów - kurs online","Fotografia produktowa - warsztaty we Wrocławiu"}	0196e837-7cba-7059-bfa0-99e7f61cebff	\N	0196e837-7cb9-7090-8b0d-7a139c468ea6
0196e842-1bcc-765b-9bde-9abe4009daa4	Spawacz podwodny	Specjalizacja w spawaniu konstrukcji pod wodą, wymagająca umiejętności nurkowania oraz spawania w trudnych warunkach środowiskowych	90	{"Spawanie TIG/MIG","Umiejętności nurkowe","Znajomość procedur bezpieczeństwa podwodnego","Wytrzymałość fizyczna"}	{"Spawacze podwodni są jedną z najlepiej opłacanych specjalizacji w branży spawalniczej, z wynagrodzeniami przekraczającymi 25 tys. zł brutto miesięcznie","Zawód spawacza znajduje się na liście najbardziej deficytowych profesji w Polsce","Szczególne zapotrzebowanie na spawaczy podwodnych występuje w regionach nadmorskich, zwłaszcza w Trójmieście"}	{"Kurs spawania podwodnego - poziom zaawansowany","Certyfikat nurka przemysłowego","Szkolenie z zakresu spawania metodą TIG w warunkach ekstremalnych"}	0196e842-1bcc-7ad1-b75e-08a5f70a5b97	\N	0196e842-1bcb-7dba-9cd3-f00990f5d3b0
0196e842-1bcd-7865-a989-7e25f03dda71	Spawacz TIG/MIG specjalizujący się w konstrukcjach stalowych	Specjalizacja w spawaniu metodami TIG i MIG/MAG dużych konstrukcji stalowych na potrzeby przemysłu i budownictwa	85	{"Spawanie metodą TIG","Spawanie metodą MIG/MAG","Umiejętność czytania rysunków technicznych","Znajomość materiałoznawstwa"}	{"Certyfikowani specjaliści w metodach TIG i MIG/MAG mogą liczyć na wynagrodzenia sięgające 14-18 tys. zł brutto miesięcznie","Zwiększone zapotrzebowanie na realizację dużych projektów infrastrukturalnych przekłada się na wyższe wynagrodzenia","W regionach o szczególnie rozwiniętym przemyśle, takich jak Dolny Śląsk, wynagrodzenia mogą wzrastać dynamicznie"}	{"Kurs spawania metodą TIG - poziom zaawansowany","Kurs spawania metodą MIG/MAG - poziom zaawansowany","Szkolenie z zakresu spawania konstrukcji stalowych zgodnie z normami europejskimi"}	0196e842-1bcd-7b6d-aefb-44045dd8a408	\N	0196e842-1bcb-7dba-9cd3-f00990f5d3b0
0196e842-1bcd-7ed5-a739-c1d1e5f594e1	Kierownik zespołu spawaczy	Zarządzanie zespołem spawaczy, nadzorowanie procesów spawalniczych, kontrola jakości i planowanie prac spawalniczych	70	{"Umiejętności spawalnicze","Zdolności przywódcze","Znajomość norm i procedur spawalniczych","Umiejętność zarządzania projektami"}	{"Kierownicy zespołów spawaczy mogą liczyć na wynagrodzenia od 8000 zł netto wzwyż","Wzrost zapotrzebowania na wykwalifikowaną kadrę kierowniczą w branży spawalniczej","Osoby posiadające kwalifikacje spawalnicze mogą liczyć na wysokie szanse zatrudnienia w nadchodzących latach"}	{"Kurs zarządzania zespołem w branży przemysłowej","Szkolenie z zakresu kontroli jakości spawów","Kurs zarządzania projektami spawalniczymi"}	0196e842-1bcd-70e2-82a5-1efba982df28	\N	0196e842-1bcb-7dba-9cd3-f00990f5d3b0
0196e86f-cc50-722a-9383-912ab233c90a	Spawacz podwodny	Specjalizacja w spawaniu konstrukcji podwodnych, platform wiertniczych, rurociągów i innych instalacji znajdujących się pod powierzchnią wody	90	{Spawanie,"Nurkowanie techniczne","Znajomość materiałoznawstwa","Umiejętność pracy pod ciśnieniem"}	{"Rosnące zapotrzebowanie na spawaczy podwodnych w sektorze offshore w Polsce i Europie","Wysoki poziom wynagrodzenia ze względu na specjalistyczny charakter pracy","Ograniczona liczba wykwalifikowanych specjalistów na rynku zwiększa wartość pracowników z tym doświadczeniem"}	{"Kurs spawania podwodnego ADCI (Association of Diving Contractors International)","Kurs nurkowania zawodowego klasy 3/2/1","Certyfikat spawacza metod MMA i MIG/MAG"}	0196e86f-cc50-7990-ba34-7d594b02f328	\N	0196e86f-cc4f-75d3-aefa-a4729f00bfe2
0196e86f-cc50-74a6-aa92-b023ef4cc063	Spawacz specjalistyczny	Specjalizacja w wysokiej jakości spawaniu specjalistycznym, w tym metali szlachetnych, stopów specjalnych i konstrukcji precyzyjnych	85	{Spawanie,"Znajomość różnych technik spawalniczych","Czytanie rysunków technicznych",Precyzja}	{"Stałe zapotrzebowanie na wykwalifikowanych spawaczy w przemyśle ciężkim i produkcyjnym","Rosnący sektor produkcji zaawansowanej we Wrocławiu i okolicach","Możliwość specjalizacji w spawaniu specyficznych materiałów zwiększa wartość na rynku pracy"}	{"Kurs spawania metodą TIG","Certyfikacja w spawaniu aluminium i stali nierdzewnej","Kurs czytania rysunku technicznego i norm spawalniczych"}	0196e86f-cc50-7a0d-a570-28e6f590b371	\N	0196e86f-cc4f-75d3-aefa-a4729f00bfe2
0196e86f-cc50-74fd-9677-e808cef2a362	Instruktor spawalnictwa	Prowadzenie szkoleń i kursów z zakresu różnych technik spawalniczych, przygotowanie przyszłych spawaczy do certyfikacji	75	{Spawanie,"Umiejętności dydaktyczne","Znajomość norm i przepisów spawalniczych",Komunikatywność}	{"Rosnące zapotrzebowanie na wykwalifikowanych spawaczy generuje potrzebę doświadczonych instruktorów","Rozwój szkolnictwa zawodowego w Polsce tworzy nowe miejsca pracy dla instruktorów","Możliwość łączenia pracy instruktora z praktyką zawodową"}	{"Kurs pedagogiczny dla instruktorów praktycznej nauki zawodu","Certyfikacja Międzynarodowego Instytutu Spawalnictwa (IIW)","Szkolenie z zakresu bezpieczeństwa i higieny pracy w spawalnictwie"}	0196e86f-cc50-7bbe-aeaa-e05b70624070	\N	0196e86f-cc4f-75d3-aefa-a4729f00bfe2
\.


--
-- Data for Name: CareerStatistics; Type: TABLE DATA; Schema: Identity; Owner: postgres
--

COPY "Identity"."CareerStatistics" ("Id", "CareerName", "AverageSalaryMin", "AverageSalaryMax", "EmploymentRate", "GrowthForecast", "LastUpdated", "AiRecommendationId") FROM stdin;
6e5d9525-7503-46bf-bd65-d57ef330676a	Backend Development Java	24015	24015	92	High	2025-05-17 22:13:16.14812+02	0196dfdd-3a6d-70e5-af75-a6367493e1ff
6b0918ab-c570-4b3c-80da-1121fd13d911	DevOps (Java/Cloud)	22500	22500	88	High	2025-05-17 22:13:16.169562+02	0196dfdd-3a6d-70e5-af75-a6367493e1ff
f1619640-c587-42db-bf59-e882c57cbc6c	Enterprise Java	20000	20000	85	Medium	2025-05-17 22:13:16.17054+02	0196dfdd-3a6d-70e5-af75-a6367493e1ff
1eb4e93b-bc3c-4bc8-b8cd-7afb0e012048	Spawalnictwo podwodne	13000	17000	92	High	2025-05-19 14:22:52.489022+02	0196e86f-cc4f-75d3-aefa-a4729f00bfe2
33b0d4c6-87e4-4506-be59-d3a72c2db7b3	Spawalnictwo specjalistyczne	7000	10000	88	Medium	2025-05-19 14:22:52.48995+02	0196e86f-cc4f-75d3-aefa-a4729f00bfe2
4f29e83a-1b6d-4fe6-99d3-626b0d696c19	Instruktaż spawalniczy	8500	12000	78	Medium	2025-05-19 14:22:52.490481+02	0196e86f-cc4f-75d3-aefa-a4729f00bfe2
\.


--
-- Data for Name: CertificateEntry; Type: TABLE DATA; Schema: Identity; Owner: postgres
--

COPY "Identity"."CertificateEntry" ("Id", "Name", "Date", "Issuer", "UserProfileUserId") FROM stdin;
1	Cerytikat Garncarza	\N	Garncarz orgnaization	8ed529b5-a278-43a2-acf2-ef376f541fc9
2	spawacz 1.0	\N	spawarka inc	\N
3	spawacz 1.0	\N	spawarka inc	45e22e8c-da6b-4e36-bad9-8c9528083072
\.


--
-- Data for Name: EducationEntry; Type: TABLE DATA; Schema: Identity; Owner: postgres
--

COPY "Identity"."EducationEntry" ("Id", "Institution", "Degree", "Field", "StartDate", "EndDate", "UserProfileUserId") FROM stdin;
1	uj	PhD	informatyka	2024-06-17 04:00:00+02	\N	\N
2	uj	PhD	informatyka	\N	\N	\N
3	uj	PhD	informatyka	\N	\N	9af6a113-a51e-4ea1-8c9f-8c0f7a103081
4	Akademia Gorniczo Hutnicza	Master	ekonomia	2020-07-19 04:00:00+02	2025-05-08 04:00:00+02	8ed529b5-a278-43a2-acf2-ef376f541fc9
5	technikum ogolnoksztalcace w swiebodzinku	High School	technik spawacz	2022-07-19 04:00:00+02	2025-05-08 04:00:00+02	\N
6	technikum ogolnoksztalcace w swiebodzinku	High School	technik spawacz	\N	2025-08-05 04:00:00+02	45e22e8c-da6b-4e36-bad9-8c9528083072
\.


--
-- Data for Name: GeneratedCvs; Type: TABLE DATA; Schema: Identity; Owner: postgres
--

COPY "Identity"."GeneratedCvs" ("Id", "UserId", "Position", "CvJson", "RawApiResponse", "GeneratedAt") FROM stdin;
\.


--
-- Data for Name: LanguageEntry; Type: TABLE DATA; Schema: Identity; Owner: postgres
--

COPY "Identity"."LanguageEntry" ("Id", "Language", "Level", "UserProfileUserId") FROM stdin;
1	polski	Native	\N
2	polski	Native	\N
3	polski	Native	9af6a113-a51e-4ea1-8c9f-8c0f7a103081
4	polski	Native	8ed529b5-a278-43a2-acf2-ef376f541fc9
5	angielski	Fluent	8ed529b5-a278-43a2-acf2-ef376f541fc9
6	polski	Fluent	\N
7	polski	Fluent	45e22e8c-da6b-4e36-bad9-8c9528083072
\.


--
-- Data for Name: MarketTrends; Type: TABLE DATA; Schema: Identity; Owner: postgres
--

COPY "Identity"."MarketTrends" ("Id", "TrendName", "Description", "Impact", "StartDate", "EndDate", "AiRecommendationId") FROM stdin;
79d9cdb7-2321-4ebb-86f0-da15053372f3	Rosnące zapotrzebowanie na backend	Co piąta oferta pracy w IT dotyczy backendu, co stanowi znaczącą część rynku dla programistów Java	Zwiększone możliwości zatrudnienia dla Java Developerów	2025-05-17 22:13:16.182715+02	\N	0196dfdd-3a6d-70e5-af75-a6367493e1ff
fedfab05-8f42-4f75-893f-4acac31a9a6a	Stabilizacja po okresie spowolnienia	W I kwartale 2025 roku aż 39% firm IT planuje rekrutacje, co oznacza ożywienie po spowolnieniu z lat 2023-2024	Większa liczba ofert pracy dla wszystkich poziomów doświadczenia	2025-05-17 22:13:16.191986+02	\N	0196dfdd-3a6d-70e5-af75-a6367493e1ff
3b1d44d2-a72d-451a-a008-e8a3b07af33c	Struktura zapotrzebowania wg doświadczenia	Struktura zapotrzebowania: 55,6% ofert dla seniorów, 38% dla midów i 6% dla juniorów	Konieczność szybkiego rozwoju kompetencji w kierunku poziomu mid/regular	2025-05-17 22:13:16.192461+02	\N	0196dfdd-3a6d-70e5-af75-a6367493e1ff
1cc5b4bf-d67a-4ef3-a09d-c00d0a08d5bc	Rosnący popyt na spawaczy podwodnych za granicą	Zwiększone zapotrzebowanie na wykwalifikowanych spawaczy podwodnych w krajach Europy Zachodniej, oferujących stawki nawet do 30 euro brutto za godzinę	Zwiększone możliwości zatrudnienia z wynagrodzeniem znacznie przewyższającym polskie stawki	2025-05-19 14:22:52.49283+02	\N	0196e86f-cc4f-75d3-aefa-a4729f00bfe2
fce01dec-f981-4a2a-b127-9a63a090c2dd	Rozwój infrastruktury morskiej w Polsce	Inwestycje w infrastrukturę morską i offshore zwiększają popyt na specjalistów od prac podwodnych, w tym spawaczy	Wzrost lokalnego zapotrzebowania na spawaczy podwodnych z wynagrodzeniem powyżej 10000 PLN miesięcznie	2025-05-19 14:22:52.493265+02	\N	0196e86f-cc4f-75d3-aefa-a4729f00bfe2
d3f5c3ab-4660-47c1-89a9-9b6aaab339a9	Niedobór wykwalifikowanych spawaczy podwodnych	Mała popularność zawodu spawacza podwodnego w Polsce przy jednoczesnym wysokim zapotrzebowaniu tworzy lukę na rynku pracy	Potencjalne negocjacyjne przewagi dla specjalistów posiadających odpowiednie kwalifikacje	2025-05-19 14:22:52.49365+02	\N	0196e86f-cc4f-75d3-aefa-a4729f00bfe2
\.


--
-- Data for Name: NextStep; Type: TABLE DATA; Schema: Identity; Owner: postgres
--

COPY "Identity"."NextStep" ("Id", "Step", "AiRecommendationId") FROM stdin;
0196dfdd-3a8f-76fc-8593-837140bc0f8a	Stworzenie portfolio projektów w Java i umieszczenie ich na GitHubie	0196dfdd-3a6d-70e5-af75-a6367493e1ff
0196dfdd-3a91-7190-8be6-6fdbeaacbbc1	Przygotowanie CV podkreślającego projekty i umiejętności Java	0196dfdd-3a6d-70e5-af75-a6367493e1ff
0196dfdd-3a91-7b08-94ea-fde1352d98af	Ukończenie kursu Spring Framework dla rozszerzenia umiejętności	0196dfdd-3a6d-70e5-af75-a6367493e1ff
0196dfdd-3a91-7b84-bff4-ba083bde7c26	Dołączenie do lokalnych grup programistów Java (meetupy) w celu budowania sieci kontaktów	0196dfdd-3a6d-70e5-af75-a6367493e1ff
0196e835-9933-7a80-91ca-bd79f8de8179	Zapisz się na zaawansowany kurs ceramiki lub warsztaty mistrzowskie we Wrocławiu.	0196e835-991e-7a57-ae20-c62e76ee94b8
0196e835-9935-701d-baae-fa664404e78e	Rozwijaj swoją markę osobistą i portfolio online, korzystając z mediów społecznościowych i własnej strony internetowej.	0196e835-991e-7a57-ae20-c62e76ee94b8
0196e835-9935-742d-b758-71425a71ae51	Nawiąż współpracę z lokalnymi galeriami sztuki i restauracjami, oferując personalizowane wyroby.	0196e835-991e-7a57-ae20-c62e76ee94b8
0196e835-9935-7e45-afa8-a492427ae28a	Rozważ udział w ogólnopolskich i międzynarodowych targach rękodzieła dla zwiększenia rozpoznawalności.	0196e835-991e-7a57-ae20-c62e76ee94b8
0196e837-7cbb-7085-b4e3-21c55a032894	Stworzenie profesjonalnego portfolio prac ceramicznych	0196e837-7cb9-7090-8b0d-7a139c468ea6
0196e837-7cbb-73a9-9c25-5dcfd64bb79a	Udział w lokalnych targach rękodzieła we Wrocławiu	0196e837-7cb9-7090-8b0d-7a139c468ea6
0196e837-7cbb-7789-ab75-6586ccfacfdf	Założenie profilu w mediach społecznościowych dedykowanego Twojej twórczości	0196e837-7cb9-7090-8b0d-7a139c468ea6
0196e837-7cbb-7ae5-b786-3ea9c8084551	Nawiązanie kontaktu z galeriami sztuki i sklepami z rękodziełem	0196e837-7cb9-7090-8b0d-7a139c468ea6
0196e842-1bcd-7051-a26e-f3302fe7e0bf	Uzyskanie międzynarodowych certyfikatów spawalniczych z naciskiem na metody wykorzystywane w spawaniu podwodnym	0196e842-1bcb-7dba-9cd3-f00990f5d3b0
0196e842-1bcd-70f8-bdfa-aee76634d073	Ukończenie specjalistycznego kursu spawania podwodnego	0196e842-1bcb-7dba-9cd3-f00990f5d3b0
0196e842-1bcd-72c3-9333-d823478a3b2e	Zdobycie praktycznego doświadczenia poprzez staż lub pracę asystencką przy projektach podwodnych	0196e842-1bcb-7dba-9cd3-f00990f5d3b0
0196e842-1bcd-7830-a250-2579dec93ca5	Zdobycie certyfikatu nurkowego umożliwiającego pracę pod wodą	0196e842-1bcb-7dba-9cd3-f00990f5d3b0
0196e86f-cc50-704d-a828-4b38745dfb1b	Ukończenie specjalistycznego kursu spawania podwodnego	0196e86f-cc4f-75d3-aefa-a4729f00bfe2
0196e86f-cc50-733d-b00d-96e52a2e3189	Ukończenie podstawowego kursu nurkowania zawodowego	0196e86f-cc4f-75d3-aefa-a4729f00bfe2
0196e86f-cc50-7355-b48c-7c5f63fa845c	Zdobycie pierwszych doświadczeń zawodowych jako asystent przy projektach podwodnych	0196e86f-cc4f-75d3-aefa-a4729f00bfe2
0196e86f-cc50-7c42-a76c-d6fa8acd5a27	Zdobycie certyfikatu spawacza w metodach wykorzystywanych pod wodą	0196e86f-cc4f-75d3-aefa-a4729f00bfe2
\.


--
-- Data for Name: ServiceCosts; Type: TABLE DATA; Schema: Identity; Owner: postgres
--

COPY "Identity"."ServiceCosts" ("Id", "ServiceName", "TokenCost") FROM stdin;
1	AnalyzeProfile	5
2	GenerateCV	5
3	MarketAnalysis	5
4	GenerateCv	1
\.


--
-- Data for Name: SkillDemand; Type: TABLE DATA; Schema: Identity; Owner: postgres
--

COPY "Identity"."SkillDemand" ("Id", "SkillName", "Industry", "DemandLevel", "LastUpdated", "AiRecommendationId") FROM stdin;
5a5c8e84-b83b-4503-b941-9b8c90ce86ae	Java (Backend)	IT	wysoki	2025-05-17 22:13:16.171444+02	0196dfdd-3a6d-70e5-af75-a6367493e1ff
310dc44e-81cb-4819-b0ad-2bf6b18f2dca	Spring Framework	IT	bardzo wysoki	2025-05-17 22:13:16.180005+02	0196dfdd-3a6d-70e5-af75-a6367493e1ff
a8a0fb83-4280-49a1-8c23-b51c239f92e0	Cloud Technologies	DevOps	bardzo wysoki	2025-05-17 22:13:16.18079+02	0196dfdd-3a6d-70e5-af75-a6367493e1ff
7ae7aae4-e68c-41d4-aaa9-b38d95e65ab2	Infrastructure as Code	DevOps	wysoki	2025-05-17 22:13:16.181478+02	0196dfdd-3a6d-70e5-af75-a6367493e1ff
ca285532-1aaa-4c3d-ad0e-b17a25cefbe1	Komunikacja techniczna	Tech Evangelism	średni	2025-05-17 22:13:16.182047+02	0196dfdd-3a6d-70e5-af75-a6367493e1ff
ac0726e7-9386-410b-a277-002f41a28c0d	Spawanie podwodne	Budownictwo morskie	bardzo wysoki	2025-05-19 14:22:52.490913+02	0196e86f-cc4f-75d3-aefa-a4729f00bfe2
847811f7-d8a8-4220-aeba-96f96029e91d	Certyfikaty spawalnicze międzynarodowe	Spawalnictwo offshore	wysoki	2025-05-19 14:22:52.491293+02	0196e86f-cc4f-75d3-aefa-a4729f00bfe2
640d864f-78ed-478d-b1e7-a7e4e9bfb6b7	Nurkowanie zawodowe	Prace podwodne	bardzo wysoki	2025-05-19 14:22:52.49166+02	0196e86f-cc4f-75d3-aefa-a4729f00bfe2
0466ffd5-e30e-407c-b305-b9c198457b0f	Metody spawania MIG/MAG	Przemysł wytwórczy	wysoki	2025-05-19 14:22:52.491986+02	0196e86f-cc4f-75d3-aefa-a4729f00bfe2
efa140bc-0f2c-48c0-8c22-2f0d0e95b863	Znajomość przepisów bezpieczeństwa prac podwodnych	Infrastruktura morska	wysoki	2025-05-19 14:22:52.492319+02	0196e86f-cc4f-75d3-aefa-a4729f00bfe2
\.


--
-- Data for Name: SwotAnalysis; Type: TABLE DATA; Schema: Identity; Owner: postgres
--

COPY "Identity"."SwotAnalysis" ("Id", "Strengths", "Weaknesses", "Opportunities", "Threats") FROM stdin;
0196dfdd-3a89-714a-b873-11033ea4469a	{"Znajomość języka Java","Typ osobowości Entertainer - dobre umiejętności komunikacyjne"}	{"Brak udokumentowanego doświadczenia zawodowego","Brak certyfikatów z technologii Java"}	{"Wiele firm w Polsce poszukuje programistów Java","Możliwość pracy zdalnej"}	{"Rosnąca konkurencja na rynku pracy","Szybko zmieniające się technologie w ekosystemie Java"}
0196dfdd-3a8e-7829-9982-c06eecb19398	{"Znajomość języka Java","Zdolność do szybkiego uczenia się nowych technologii"}	{"Brak doświadczenia w administracji systemami","Potrzeba nabycia wiedzy o narzędziach DevOps"}	{"Wyższe wynagrodzenie niż w przypadku czystego programowania","Mniejsza konkurencja niż w przypadku programistów Java"}	{"Wymagana szeroka wiedza techniczna","Konieczność ciągłego doskonalenia umiejętności"}
0196dfdd-3a8f-7696-b8d1-1a2b3f412188	{"Typ osobowości Entertainer - naturalne predyspozycje do roli ewangelisty","Znajomość Javy"}	{"Brak doświadczenia zawodowego","Potrzeba rozwijania umiejętności prezentacyjnych"}	{"Możliwość budowania własnej marki osobistej","Networking w branży IT"}	{"Wymagana stała aktywność w mediach społecznościowych","Konieczność ciągłego aktualizowania wiedzy"}
0196e835-992f-7be2-9832-a06b01854155	{"Unikalne umiejętności manualne i artystyczne","Doświadczenie w tworzeniu ceramiki na wysokim poziomie"}	{"Ograniczona skalowalność produkcji ręcznej","Potrzeba zdobycia większej wiedzy biznesowej"}	{"Ekspansja na rynki zagraniczne dzięki platformom internetowym","Współpraca z restauracjami oraz galeriami sztuki"}	{"Duża konkurencja ze strony tańszych, masowych produktów","Zmienne trendy na rynku dekoracji i designu wnętrz"}
0196e835-9933-7808-acad-4162cecc23f3	{"Wszechstronne talenty artystyczne","Umiejętność inspiracji innych"}	{"Ograniczone doświadczenie w prowadzeniu grup","Potrzeba rozwoju kompetencji pedagogicznych"}	{"Współpraca z domami kultury, szkołami i fundacjami","Możliwość organizacji własnych autorskich warsztatów"}	{"Niższe wynagrodzenia niż w sektorze prywatnym","Sezonowość zleceń i projektów"}
0196e835-9933-7aaa-8b86-bf157c9cc5cb	{"Łączenie umiejętności tradycyjnych i cyfrowych","Zdolności organizacyjne i kreatywność"}	{"Mniejsze doświadczenie w zaawansowanej grafice komputerowej","Potrzeba stałego doszkalania w nowych technologiach"}	{"Dotarcie do szerokiego grona odbiorców przez internet","Prowadzenie własnej działalności online"}	{"Wysoka konkurencja w przestrzeni cyfrowej","Szybko zmieniające się trendy online"}
0196e837-7cba-7059-bfa0-99e7f61cebff	{"Doświadczenie w garncarstwie","Umiejętności artystyczne","Unikatowe portfolio (zastawa dla rodziny królewskiej)"}	{"Brak formalnego wykształcenia ceramicznego","Potencjalny brak znajomości technik marketingowych"}	{"Targi rękodzieła we Wrocławiu","Nawiązanie współpracy z galeriami","Warsztaty garncarskie dla zainteresowanych"}	{"Konkurencja na rynku rękodzieła","Sezonowość sprzedaży","Wysokie koszty materiałów"}
0196e837-7cba-786e-96c7-dc3500144e25	{"Umiejętność malowania i rysowania","Zmysł artystyczny","Znajomość podstawowych programów biurowych"}	{"Potencjalny brak doświadczenia w programach graficznych","Brak formalnego wykształcenia artystycznego"}	{"Współpraca z wydawnictwami","Uczestnictwo w Uniwersyteckim Festiwalu Kariery 2025","Tworzenie grafik dla firm lokalnych"}	{"Wysoka konkurencja w branży","Trudność w zdobyciu pierwszych zleceń","Niestabilność przychodów"}
0196e837-7cba-7dc3-ace8-c814231b32ec	{"Różnorodne umiejętności artystyczne","Doświadczenie w garncarstwie","Typ osobowości Protagonist - naturalny lider i nauczyciel"}	{"Brak formalnego przygotowania pedagogicznego","Potencjalny brak doświadczenia w prowadzeniu zajęć"}	{"Współpraca z ośrodkami kultury we Wrocławiu","Warsztaty w szkołach i przedszkolach","Współpraca z firmami organizującymi eventy"}	{"Sezonowość zainteresowania warsztatami","Konkurencja ze strony instytucji edukacyjnych","Ograniczenia budżetowe placówek kulturalnych"}
0196e842-1bcc-7ad1-b75e-08a5f70a5b97	{"Doświadczenie w spawaniu","Zainteresowanie pracą pod wodą","Umiejętność pracy w trudnych warunkach"}	{"Brak potwierdzonych certyfikatów nurkowych","Prawdopodobnie ograniczone doświadczenie w spawaniu podwodnym"}	{"Wysokie wynagrodzenie","Rosnący rynek prac podwodnych w Polsce i za granicą","Możliwość pracy przy unikatowych projektach"}	{"Wymagające warunki pracy mogące wpływać na zdrowie","Konieczność częstych wyjazdów","Konkurencja ze strony doświadczonych spawaczy podwodnych"}
0196e842-1bcd-70e2-82a5-1efba982df28	{"Doświadczenie w spawaniu","Prawdopodobnie dobre umiejętności interpersonalne (typ osobowości Consul)","Znajomość branży spawalniczej"}	{"Możliwy brak doświadczenia kierowniczego","Brak udokumentowanych certyfikatów spawalniczych i menedżerskich"}	{"Rozwój kariery w kierunku zarządzania","Wyższe wynagrodzenie","Możliwość pracy w stabilnych warunkach"}	{"Duża odpowiedzialność za zespół i jakość prac","Wymagania dotyczące umiejętności zarządzania zespołem","Konieczność ciągłego doskonalenia kwalifikacji"}
0196e842-1bcd-7b6d-aefb-44045dd8a408	{"Doświadczenie w spawaniu","Lokalizacja we Wrocławiu - ośrodku przemysłowym","Zaangażowanie w rozwój zawodowy"}	{"Brak udokumentowanych certyfikatów spawalniczych","Możliwy brak doświadczenia w dużych projektach konstrukcyjnych"}	{"Wysokie zarobki w branży","Duża liczba projektów infrastrukturalnych","Możliwość rozwoju kariery do pozycji inspektora jakości"}	{"Wymagające warunki pracy","Rosnąca automatyzacja w spawalnictwie","Konkurencja na rynku pracy"}
0196e86f-cc50-7990-ba34-7d594b02f328	{"Doświadczenie w spawaniu","Zamiłowanie do pracy w wodzie","Typ osobowości przedsiębiorczy (Entrepreneur)"}	{"Możliwy brak certyfikatów nurkowych","Brak formalnego doświadczenia w spawaniu podwodnym"}	{"Wysoki popyt na spawaczy podwodnych w regionie Morza Bałtyckiego","Możliwość pracy przy projektach międzynarodowych"}	{"Praca wymagająca fizycznie i psychicznie","Sezonowość niektórych projektów podwodnych"}
0196e86f-cc50-7a0d-a570-28e6f590b371	{"Doświadczenie w spawaniu","Zamiłowanie do precyzyjnej pracy","Typ osobowości przedsiębiorczy"}	{"Możliwy brak certyfikatów specjalistycznych","Ograniczone doświadczenie z różnymi materiałami"}	{"Rozwój przemysłu we Wrocławiu","Możliwość założenia własnej działalności spawalniczej"}	{"Automatyzacja niektórych procesów spawalniczych","Konkurencja ze strony dużej liczby spawaczy na rynku"}
0196e86f-cc50-7bbe-aeaa-e05b70624070	{"Doświadczenie w spawaniu","Typ osobowości przedsiębiorczy sprzyjający nauczaniu","Możliwość dzielenia się pasją"}	{"Potencjalny brak doświadczenia dydaktycznego","Konieczność uzyskania dodatkowych certyfikatów"}	{"Rozwój szkolnictwa zawodowego","Możliwość prowadzenia własnych kursów i szkoleń"}	{"Wymagania formalne dotyczące kwalifikacji instruktorów","Sezonowość kursów spawalniczych"}
\.


--
-- Data for Name: TokenTransactions; Type: TABLE DATA; Schema: Identity; Owner: postgres
--

COPY "Identity"."TokenTransactions" ("Id", "UserId", "ServiceName", "Amount", "Type", "CreatedAt") FROM stdin;
1	9af6a113-a51e-4ea1-8c9f-8c0f7a103081	AnalyzeProfile	-5	1	2025-05-17 22:08:59.850311+02
2	9af6a113-a51e-4ea1-8c9f-8c0f7a103081	MarketAnalysis	-5	1	2025-05-17 22:13:16.1965+02
3	8ed529b5-a278-43a2-acf2-ef376f541fc9	AnalyzeProfile	-5	1	2025-05-19 13:02:28.948421+02
4	8ed529b5-a278-43a2-acf2-ef376f541fc9	AnalyzeProfile	-5	1	2025-05-19 13:04:32.723354+02
5	45e22e8c-da6b-4e36-bad9-8c9528083072	AnalyzeProfile	-5	1	2025-05-19 13:16:08.800419+02
6	45e22e8c-da6b-4e36-bad9-8c9528083072	AnalyzeProfile	-5	1	2025-05-19 14:06:03.104515+02
7	45e22e8c-da6b-4e36-bad9-8c9528083072	MarketAnalysis	-5	1	2025-05-19 14:18:21.744862+02
8	45e22e8c-da6b-4e36-bad9-8c9528083072	MarketAnalysis	-5	1	2025-05-19 14:19:39.067746+02
9	45e22e8c-da6b-4e36-bad9-8c9528083072	MarketAnalysis	-5	1	2025-05-19 14:22:52.494497+02
\.


--
-- Data for Name: UserBillings; Type: TABLE DATA; Schema: Identity; Owner: postgres
--

COPY "Identity"."UserBillings" ("UserId", "TokenBalance", "StripeCustomerId", "StripeSubscriptionId", "SubscriptionStatus", "SubscriptionLevel", "LastTokenPurchaseDate", "SubscriptionEndDate") FROM stdin;
9af6a113-a51e-4ea1-8c9f-8c0f7a103081	390	\N	\N	0	0	2025-05-17 22:13:16.1965+02	\N
8ed529b5-a278-43a2-acf2-ef376f541fc9	390	\N	\N	0	0	2025-05-19 13:04:32.723345+02	\N
45e22e8c-da6b-4e36-bad9-8c9528083072	205	\N	\N	0	0	2025-05-19 14:22:52.494492+02	\N
dd83df42-8ecd-4cae-8b81-b0ec416639e5	1000	\N	\N	0	0	2025-05-19 14:39:55.400955+02	\N
\.


--
-- Data for Name: UserProfiles; Type: TABLE DATA; Schema: Identity; Owner: postgres
--

COPY "Identity"."UserProfiles" ("UserId", "FirstName", "LastName", "Country", "Address", "PhoneNumber", "Skills", "AdditionalInformation", "AboutMe", "PersonalityType") FROM stdin;
9af6a113-a51e-4ea1-8c9f-8c0f7a103081	Joe	Doe	Poland	Kazimierza Wielkiego 24	222333222	{java}	kocham piwo	jestem vege	15
8ed529b5-a278-43a2-acf2-ef376f541fc9	Kacper	Sigma	Poland	Szewska 12, Wrocław	111234567	{malowanie,spiewanie,rysowanie,execl,word,paint,garncarstwo}	lubie robic garnki	lepie garnki, lubie filmy i kino, duzo czytam, stworzylem zastawe dla krolowej elzbiety	6
45e22e8c-da6b-4e36-bad9-8c9528083072	Kacper	test4	Poland	Szewska 12, Wrocław	123456789	{spawanie}	jestem wege	spawam, lubie spawac, lubie wode, wiec spawam pod woda	15
\.


--
-- Data for Name: WorkExperienceEntry; Type: TABLE DATA; Schema: Identity; Owner: postgres
--

COPY "Identity"."WorkExperienceEntry" ("Id", "Company", "Position", "Description", "Responsibilities", "StartDate", "EndDate", "UserProfileUserId") FROM stdin;
1	skibi	tester qa	testuje	{}	2021-02-17 02:00:00+01	\N	\N
2	skibi	tester qa	testuje	{}	\N	\N	\N
3	skibi	tester qa	testuje	{}	\N	\N	9af6a113-a51e-4ea1-8c9f-8c0f7a103081
4	Naczynie sp. zoo	Garncarz	lepie naczynia, sprzedaje, szlifuje, lakieruje, wypalam	{}	2020-06-19 04:00:00+02	\N	8ed529b5-a278-43a2-acf2-ef376f541fc9
5	spawarka inc	spawacz	spawam rafinerrie naftowe na glebokosciach do 1km	{}	2020-02-19 02:00:00+01	\N	\N
6	spawarka inc	spawacz	spawam rafinerrie naftowe na glebokosciach do 1km	{}	\N	\N	45e22e8c-da6b-4e36-bad9-8c9528083072
\.


--
-- Data for Name: __EFMigrationsHistory; Type: TABLE DATA; Schema: public; Owner: postgres
--

COPY public."__EFMigrationsHistory" ("MigrationId", "ProductVersion") FROM stdin;
20250514193214_InitialCreate	9.0.3
\.


--
-- Name: AspNetRoleClaims_Id_seq; Type: SEQUENCE SET; Schema: Identity; Owner: postgres
--

SELECT pg_catalog.setval('"Identity"."AspNetRoleClaims_Id_seq"', 1, false);


--
-- Name: AspNetUserClaims_Id_seq; Type: SEQUENCE SET; Schema: Identity; Owner: postgres
--

SELECT pg_catalog.setval('"Identity"."AspNetUserClaims_Id_seq"', 1, false);


--
-- Name: CertificateEntry_Id_seq; Type: SEQUENCE SET; Schema: Identity; Owner: postgres
--

SELECT pg_catalog.setval('"Identity"."CertificateEntry_Id_seq"', 3, true);


--
-- Name: EducationEntry_Id_seq; Type: SEQUENCE SET; Schema: Identity; Owner: postgres
--

SELECT pg_catalog.setval('"Identity"."EducationEntry_Id_seq"', 6, true);


--
-- Name: LanguageEntry_Id_seq; Type: SEQUENCE SET; Schema: Identity; Owner: postgres
--

SELECT pg_catalog.setval('"Identity"."LanguageEntry_Id_seq"', 7, true);


--
-- Name: ServiceCosts_Id_seq; Type: SEQUENCE SET; Schema: Identity; Owner: postgres
--

SELECT pg_catalog.setval('"Identity"."ServiceCosts_Id_seq"', 5, false);


--
-- Name: TokenTransactions_Id_seq; Type: SEQUENCE SET; Schema: Identity; Owner: postgres
--

SELECT pg_catalog.setval('"Identity"."TokenTransactions_Id_seq"', 9, true);


--
-- Name: WorkExperienceEntry_Id_seq; Type: SEQUENCE SET; Schema: Identity; Owner: postgres
--

SELECT pg_catalog.setval('"Identity"."WorkExperienceEntry_Id_seq"', 6, true);


--
-- Name: AiRecommendations PK_AiRecommendations; Type: CONSTRAINT; Schema: Identity; Owner: postgres
--

ALTER TABLE ONLY "Identity"."AiRecommendations"
    ADD CONSTRAINT "PK_AiRecommendations" PRIMARY KEY ("Id");


--
-- Name: AspNetRoleClaims PK_AspNetRoleClaims; Type: CONSTRAINT; Schema: Identity; Owner: postgres
--

ALTER TABLE ONLY "Identity"."AspNetRoleClaims"
    ADD CONSTRAINT "PK_AspNetRoleClaims" PRIMARY KEY ("Id");


--
-- Name: AspNetRoles PK_AspNetRoles; Type: CONSTRAINT; Schema: Identity; Owner: postgres
--

ALTER TABLE ONLY "Identity"."AspNetRoles"
    ADD CONSTRAINT "PK_AspNetRoles" PRIMARY KEY ("Id");


--
-- Name: AspNetUserClaims PK_AspNetUserClaims; Type: CONSTRAINT; Schema: Identity; Owner: postgres
--

ALTER TABLE ONLY "Identity"."AspNetUserClaims"
    ADD CONSTRAINT "PK_AspNetUserClaims" PRIMARY KEY ("Id");


--
-- Name: AspNetUserLogins PK_AspNetUserLogins; Type: CONSTRAINT; Schema: Identity; Owner: postgres
--

ALTER TABLE ONLY "Identity"."AspNetUserLogins"
    ADD CONSTRAINT "PK_AspNetUserLogins" PRIMARY KEY ("LoginProvider", "ProviderKey");


--
-- Name: AspNetUserRoles PK_AspNetUserRoles; Type: CONSTRAINT; Schema: Identity; Owner: postgres
--

ALTER TABLE ONLY "Identity"."AspNetUserRoles"
    ADD CONSTRAINT "PK_AspNetUserRoles" PRIMARY KEY ("UserId", "RoleId");


--
-- Name: AspNetUserTokens PK_AspNetUserTokens; Type: CONSTRAINT; Schema: Identity; Owner: postgres
--

ALTER TABLE ONLY "Identity"."AspNetUserTokens"
    ADD CONSTRAINT "PK_AspNetUserTokens" PRIMARY KEY ("UserId", "LoginProvider", "Name");


--
-- Name: AspNetUsers PK_AspNetUsers; Type: CONSTRAINT; Schema: Identity; Owner: postgres
--

ALTER TABLE ONLY "Identity"."AspNetUsers"
    ADD CONSTRAINT "PK_AspNetUsers" PRIMARY KEY ("Id");


--
-- Name: CareerPath PK_CareerPath; Type: CONSTRAINT; Schema: Identity; Owner: postgres
--

ALTER TABLE ONLY "Identity"."CareerPath"
    ADD CONSTRAINT "PK_CareerPath" PRIMARY KEY ("Id");


--
-- Name: CareerStatistics PK_CareerStatistics; Type: CONSTRAINT; Schema: Identity; Owner: postgres
--

ALTER TABLE ONLY "Identity"."CareerStatistics"
    ADD CONSTRAINT "PK_CareerStatistics" PRIMARY KEY ("Id");


--
-- Name: CertificateEntry PK_CertificateEntry; Type: CONSTRAINT; Schema: Identity; Owner: postgres
--

ALTER TABLE ONLY "Identity"."CertificateEntry"
    ADD CONSTRAINT "PK_CertificateEntry" PRIMARY KEY ("Id");


--
-- Name: EducationEntry PK_EducationEntry; Type: CONSTRAINT; Schema: Identity; Owner: postgres
--

ALTER TABLE ONLY "Identity"."EducationEntry"
    ADD CONSTRAINT "PK_EducationEntry" PRIMARY KEY ("Id");


--
-- Name: GeneratedCvs PK_GeneratedCvs; Type: CONSTRAINT; Schema: Identity; Owner: postgres
--

ALTER TABLE ONLY "Identity"."GeneratedCvs"
    ADD CONSTRAINT "PK_GeneratedCvs" PRIMARY KEY ("Id");


--
-- Name: LanguageEntry PK_LanguageEntry; Type: CONSTRAINT; Schema: Identity; Owner: postgres
--

ALTER TABLE ONLY "Identity"."LanguageEntry"
    ADD CONSTRAINT "PK_LanguageEntry" PRIMARY KEY ("Id");


--
-- Name: MarketTrends PK_MarketTrends; Type: CONSTRAINT; Schema: Identity; Owner: postgres
--

ALTER TABLE ONLY "Identity"."MarketTrends"
    ADD CONSTRAINT "PK_MarketTrends" PRIMARY KEY ("Id");


--
-- Name: NextStep PK_NextStep; Type: CONSTRAINT; Schema: Identity; Owner: postgres
--

ALTER TABLE ONLY "Identity"."NextStep"
    ADD CONSTRAINT "PK_NextStep" PRIMARY KEY ("Id");


--
-- Name: ServiceCosts PK_ServiceCosts; Type: CONSTRAINT; Schema: Identity; Owner: postgres
--

ALTER TABLE ONLY "Identity"."ServiceCosts"
    ADD CONSTRAINT "PK_ServiceCosts" PRIMARY KEY ("Id");


--
-- Name: SkillDemand PK_SkillDemand; Type: CONSTRAINT; Schema: Identity; Owner: postgres
--

ALTER TABLE ONLY "Identity"."SkillDemand"
    ADD CONSTRAINT "PK_SkillDemand" PRIMARY KEY ("Id");


--
-- Name: SwotAnalysis PK_SwotAnalysis; Type: CONSTRAINT; Schema: Identity; Owner: postgres
--

ALTER TABLE ONLY "Identity"."SwotAnalysis"
    ADD CONSTRAINT "PK_SwotAnalysis" PRIMARY KEY ("Id");


--
-- Name: TokenTransactions PK_TokenTransactions; Type: CONSTRAINT; Schema: Identity; Owner: postgres
--

ALTER TABLE ONLY "Identity"."TokenTransactions"
    ADD CONSTRAINT "PK_TokenTransactions" PRIMARY KEY ("Id");


--
-- Name: UserBillings PK_UserBillings; Type: CONSTRAINT; Schema: Identity; Owner: postgres
--

ALTER TABLE ONLY "Identity"."UserBillings"
    ADD CONSTRAINT "PK_UserBillings" PRIMARY KEY ("UserId");


--
-- Name: UserProfiles PK_UserProfiles; Type: CONSTRAINT; Schema: Identity; Owner: postgres
--

ALTER TABLE ONLY "Identity"."UserProfiles"
    ADD CONSTRAINT "PK_UserProfiles" PRIMARY KEY ("UserId");


--
-- Name: WorkExperienceEntry PK_WorkExperienceEntry; Type: CONSTRAINT; Schema: Identity; Owner: postgres
--

ALTER TABLE ONLY "Identity"."WorkExperienceEntry"
    ADD CONSTRAINT "PK_WorkExperienceEntry" PRIMARY KEY ("Id");


--
-- Name: __EFMigrationsHistory PK___EFMigrationsHistory; Type: CONSTRAINT; Schema: public; Owner: postgres
--

ALTER TABLE ONLY public."__EFMigrationsHistory"
    ADD CONSTRAINT "PK___EFMigrationsHistory" PRIMARY KEY ("MigrationId");


--
-- Name: EmailIndex; Type: INDEX; Schema: Identity; Owner: postgres
--

CREATE INDEX "EmailIndex" ON "Identity"."AspNetUsers" USING btree ("NormalizedEmail");


--
-- Name: IX_AiRecommendations_AiRecommendationId; Type: INDEX; Schema: Identity; Owner: postgres
--

CREATE INDEX "IX_AiRecommendations_AiRecommendationId" ON "Identity"."AiRecommendations" USING btree ("AiRecommendationId");


--
-- Name: IX_AiRecommendations_UserId; Type: INDEX; Schema: Identity; Owner: postgres
--

CREATE INDEX "IX_AiRecommendations_UserId" ON "Identity"."AiRecommendations" USING btree ("UserId");


--
-- Name: IX_AspNetRoleClaims_RoleId; Type: INDEX; Schema: Identity; Owner: postgres
--

CREATE INDEX "IX_AspNetRoleClaims_RoleId" ON "Identity"."AspNetRoleClaims" USING btree ("RoleId");


--
-- Name: IX_AspNetUserClaims_UserId; Type: INDEX; Schema: Identity; Owner: postgres
--

CREATE INDEX "IX_AspNetUserClaims_UserId" ON "Identity"."AspNetUserClaims" USING btree ("UserId");


--
-- Name: IX_AspNetUserLogins_UserId; Type: INDEX; Schema: Identity; Owner: postgres
--

CREATE INDEX "IX_AspNetUserLogins_UserId" ON "Identity"."AspNetUserLogins" USING btree ("UserId");


--
-- Name: IX_AspNetUserRoles_RoleId; Type: INDEX; Schema: Identity; Owner: postgres
--

CREATE INDEX "IX_AspNetUserRoles_RoleId" ON "Identity"."AspNetUserRoles" USING btree ("RoleId");


--
-- Name: IX_CareerPath_AiRecommendationId; Type: INDEX; Schema: Identity; Owner: postgres
--

CREATE INDEX "IX_CareerPath_AiRecommendationId" ON "Identity"."CareerPath" USING btree ("AiRecommendationId");


--
-- Name: IX_CareerPath_CareerStatisticsId; Type: INDEX; Schema: Identity; Owner: postgres
--

CREATE INDEX "IX_CareerPath_CareerStatisticsId" ON "Identity"."CareerPath" USING btree ("CareerStatisticsId");


--
-- Name: IX_CareerPath_SwotAnalysisId; Type: INDEX; Schema: Identity; Owner: postgres
--

CREATE INDEX "IX_CareerPath_SwotAnalysisId" ON "Identity"."CareerPath" USING btree ("SwotAnalysisId");


--
-- Name: IX_CareerStatistics_AiRecommendationId; Type: INDEX; Schema: Identity; Owner: postgres
--

CREATE INDEX "IX_CareerStatistics_AiRecommendationId" ON "Identity"."CareerStatistics" USING btree ("AiRecommendationId");


--
-- Name: IX_CertificateEntry_UserProfileUserId; Type: INDEX; Schema: Identity; Owner: postgres
--

CREATE INDEX "IX_CertificateEntry_UserProfileUserId" ON "Identity"."CertificateEntry" USING btree ("UserProfileUserId");


--
-- Name: IX_EducationEntry_UserProfileUserId; Type: INDEX; Schema: Identity; Owner: postgres
--

CREATE INDEX "IX_EducationEntry_UserProfileUserId" ON "Identity"."EducationEntry" USING btree ("UserProfileUserId");


--
-- Name: IX_GeneratedCvs_UserId; Type: INDEX; Schema: Identity; Owner: postgres
--

CREATE INDEX "IX_GeneratedCvs_UserId" ON "Identity"."GeneratedCvs" USING btree ("UserId");


--
-- Name: IX_LanguageEntry_UserProfileUserId; Type: INDEX; Schema: Identity; Owner: postgres
--

CREATE INDEX "IX_LanguageEntry_UserProfileUserId" ON "Identity"."LanguageEntry" USING btree ("UserProfileUserId");


--
-- Name: IX_MarketTrends_AiRecommendationId; Type: INDEX; Schema: Identity; Owner: postgres
--

CREATE INDEX "IX_MarketTrends_AiRecommendationId" ON "Identity"."MarketTrends" USING btree ("AiRecommendationId");


--
-- Name: IX_NextStep_AiRecommendationId; Type: INDEX; Schema: Identity; Owner: postgres
--

CREATE INDEX "IX_NextStep_AiRecommendationId" ON "Identity"."NextStep" USING btree ("AiRecommendationId");


--
-- Name: IX_SkillDemand_AiRecommendationId; Type: INDEX; Schema: Identity; Owner: postgres
--

CREATE INDEX "IX_SkillDemand_AiRecommendationId" ON "Identity"."SkillDemand" USING btree ("AiRecommendationId");


--
-- Name: IX_WorkExperienceEntry_UserProfileUserId; Type: INDEX; Schema: Identity; Owner: postgres
--

CREATE INDEX "IX_WorkExperienceEntry_UserProfileUserId" ON "Identity"."WorkExperienceEntry" USING btree ("UserProfileUserId");


--
-- Name: RoleNameIndex; Type: INDEX; Schema: Identity; Owner: postgres
--

CREATE UNIQUE INDEX "RoleNameIndex" ON "Identity"."AspNetRoles" USING btree ("NormalizedName");


--
-- Name: UserNameIndex; Type: INDEX; Schema: Identity; Owner: postgres
--

CREATE UNIQUE INDEX "UserNameIndex" ON "Identity"."AspNetUsers" USING btree ("NormalizedUserName");


--
-- Name: AiRecommendations FK_AiRecommendations_AiRecommendations_AiRecommendationId; Type: FK CONSTRAINT; Schema: Identity; Owner: postgres
--

ALTER TABLE ONLY "Identity"."AiRecommendations"
    ADD CONSTRAINT "FK_AiRecommendations_AiRecommendations_AiRecommendationId" FOREIGN KEY ("AiRecommendationId") REFERENCES "Identity"."AiRecommendations"("Id");


--
-- Name: AiRecommendations FK_AiRecommendations_UserProfiles_UserId; Type: FK CONSTRAINT; Schema: Identity; Owner: postgres
--

ALTER TABLE ONLY "Identity"."AiRecommendations"
    ADD CONSTRAINT "FK_AiRecommendations_UserProfiles_UserId" FOREIGN KEY ("UserId") REFERENCES "Identity"."UserProfiles"("UserId") ON DELETE CASCADE;


--
-- Name: AspNetRoleClaims FK_AspNetRoleClaims_AspNetRoles_RoleId; Type: FK CONSTRAINT; Schema: Identity; Owner: postgres
--

ALTER TABLE ONLY "Identity"."AspNetRoleClaims"
    ADD CONSTRAINT "FK_AspNetRoleClaims_AspNetRoles_RoleId" FOREIGN KEY ("RoleId") REFERENCES "Identity"."AspNetRoles"("Id") ON DELETE CASCADE;


--
-- Name: AspNetUserClaims FK_AspNetUserClaims_AspNetUsers_UserId; Type: FK CONSTRAINT; Schema: Identity; Owner: postgres
--

ALTER TABLE ONLY "Identity"."AspNetUserClaims"
    ADD CONSTRAINT "FK_AspNetUserClaims_AspNetUsers_UserId" FOREIGN KEY ("UserId") REFERENCES "Identity"."AspNetUsers"("Id") ON DELETE CASCADE;


--
-- Name: AspNetUserLogins FK_AspNetUserLogins_AspNetUsers_UserId; Type: FK CONSTRAINT; Schema: Identity; Owner: postgres
--

ALTER TABLE ONLY "Identity"."AspNetUserLogins"
    ADD CONSTRAINT "FK_AspNetUserLogins_AspNetUsers_UserId" FOREIGN KEY ("UserId") REFERENCES "Identity"."AspNetUsers"("Id") ON DELETE CASCADE;


--
-- Name: AspNetUserRoles FK_AspNetUserRoles_AspNetRoles_RoleId; Type: FK CONSTRAINT; Schema: Identity; Owner: postgres
--

ALTER TABLE ONLY "Identity"."AspNetUserRoles"
    ADD CONSTRAINT "FK_AspNetUserRoles_AspNetRoles_RoleId" FOREIGN KEY ("RoleId") REFERENCES "Identity"."AspNetRoles"("Id") ON DELETE CASCADE;


--
-- Name: AspNetUserRoles FK_AspNetUserRoles_AspNetUsers_UserId; Type: FK CONSTRAINT; Schema: Identity; Owner: postgres
--

ALTER TABLE ONLY "Identity"."AspNetUserRoles"
    ADD CONSTRAINT "FK_AspNetUserRoles_AspNetUsers_UserId" FOREIGN KEY ("UserId") REFERENCES "Identity"."AspNetUsers"("Id") ON DELETE CASCADE;


--
-- Name: AspNetUserTokens FK_AspNetUserTokens_AspNetUsers_UserId; Type: FK CONSTRAINT; Schema: Identity; Owner: postgres
--

ALTER TABLE ONLY "Identity"."AspNetUserTokens"
    ADD CONSTRAINT "FK_AspNetUserTokens_AspNetUsers_UserId" FOREIGN KEY ("UserId") REFERENCES "Identity"."AspNetUsers"("Id") ON DELETE CASCADE;


--
-- Name: CareerPath FK_CareerPath_AiRecommendations_AiRecommendationId; Type: FK CONSTRAINT; Schema: Identity; Owner: postgres
--

ALTER TABLE ONLY "Identity"."CareerPath"
    ADD CONSTRAINT "FK_CareerPath_AiRecommendations_AiRecommendationId" FOREIGN KEY ("AiRecommendationId") REFERENCES "Identity"."AiRecommendations"("Id");


--
-- Name: CareerPath FK_CareerPath_CareerStatistics_CareerStatisticsId; Type: FK CONSTRAINT; Schema: Identity; Owner: postgres
--

ALTER TABLE ONLY "Identity"."CareerPath"
    ADD CONSTRAINT "FK_CareerPath_CareerStatistics_CareerStatisticsId" FOREIGN KEY ("CareerStatisticsId") REFERENCES "Identity"."CareerStatistics"("Id");


--
-- Name: CareerPath FK_CareerPath_SwotAnalysis_SwotAnalysisId; Type: FK CONSTRAINT; Schema: Identity; Owner: postgres
--

ALTER TABLE ONLY "Identity"."CareerPath"
    ADD CONSTRAINT "FK_CareerPath_SwotAnalysis_SwotAnalysisId" FOREIGN KEY ("SwotAnalysisId") REFERENCES "Identity"."SwotAnalysis"("Id") ON DELETE CASCADE;


--
-- Name: CareerStatistics FK_CareerStatistics_AiRecommendations_AiRecommendationId; Type: FK CONSTRAINT; Schema: Identity; Owner: postgres
--

ALTER TABLE ONLY "Identity"."CareerStatistics"
    ADD CONSTRAINT "FK_CareerStatistics_AiRecommendations_AiRecommendationId" FOREIGN KEY ("AiRecommendationId") REFERENCES "Identity"."AiRecommendations"("Id") ON DELETE CASCADE;


--
-- Name: CertificateEntry FK_CertificateEntry_UserProfiles_UserProfileUserId; Type: FK CONSTRAINT; Schema: Identity; Owner: postgres
--

ALTER TABLE ONLY "Identity"."CertificateEntry"
    ADD CONSTRAINT "FK_CertificateEntry_UserProfiles_UserProfileUserId" FOREIGN KEY ("UserProfileUserId") REFERENCES "Identity"."UserProfiles"("UserId") ON DELETE CASCADE;


--
-- Name: EducationEntry FK_EducationEntry_UserProfiles_UserProfileUserId; Type: FK CONSTRAINT; Schema: Identity; Owner: postgres
--

ALTER TABLE ONLY "Identity"."EducationEntry"
    ADD CONSTRAINT "FK_EducationEntry_UserProfiles_UserProfileUserId" FOREIGN KEY ("UserProfileUserId") REFERENCES "Identity"."UserProfiles"("UserId") ON DELETE CASCADE;


--
-- Name: GeneratedCvs FK_GeneratedCvs_AspNetUsers_UserId; Type: FK CONSTRAINT; Schema: Identity; Owner: postgres
--

ALTER TABLE ONLY "Identity"."GeneratedCvs"
    ADD CONSTRAINT "FK_GeneratedCvs_AspNetUsers_UserId" FOREIGN KEY ("UserId") REFERENCES "Identity"."AspNetUsers"("Id") ON DELETE CASCADE;


--
-- Name: LanguageEntry FK_LanguageEntry_UserProfiles_UserProfileUserId; Type: FK CONSTRAINT; Schema: Identity; Owner: postgres
--

ALTER TABLE ONLY "Identity"."LanguageEntry"
    ADD CONSTRAINT "FK_LanguageEntry_UserProfiles_UserProfileUserId" FOREIGN KEY ("UserProfileUserId") REFERENCES "Identity"."UserProfiles"("UserId") ON DELETE CASCADE;


--
-- Name: MarketTrends FK_MarketTrends_AiRecommendations_AiRecommendationId; Type: FK CONSTRAINT; Schema: Identity; Owner: postgres
--

ALTER TABLE ONLY "Identity"."MarketTrends"
    ADD CONSTRAINT "FK_MarketTrends_AiRecommendations_AiRecommendationId" FOREIGN KEY ("AiRecommendationId") REFERENCES "Identity"."AiRecommendations"("Id") ON DELETE CASCADE;


--
-- Name: NextStep FK_NextStep_AiRecommendations_AiRecommendationId; Type: FK CONSTRAINT; Schema: Identity; Owner: postgres
--

ALTER TABLE ONLY "Identity"."NextStep"
    ADD CONSTRAINT "FK_NextStep_AiRecommendations_AiRecommendationId" FOREIGN KEY ("AiRecommendationId") REFERENCES "Identity"."AiRecommendations"("Id");


--
-- Name: SkillDemand FK_SkillDemand_AiRecommendations_AiRecommendationId; Type: FK CONSTRAINT; Schema: Identity; Owner: postgres
--

ALTER TABLE ONLY "Identity"."SkillDemand"
    ADD CONSTRAINT "FK_SkillDemand_AiRecommendations_AiRecommendationId" FOREIGN KEY ("AiRecommendationId") REFERENCES "Identity"."AiRecommendations"("Id") ON DELETE CASCADE;


--
-- Name: UserBillings FK_UserBillings_AspNetUsers_UserId; Type: FK CONSTRAINT; Schema: Identity; Owner: postgres
--

ALTER TABLE ONLY "Identity"."UserBillings"
    ADD CONSTRAINT "FK_UserBillings_AspNetUsers_UserId" FOREIGN KEY ("UserId") REFERENCES "Identity"."AspNetUsers"("Id") ON DELETE CASCADE;


--
-- Name: UserProfiles FK_UserProfiles_AspNetUsers_UserId; Type: FK CONSTRAINT; Schema: Identity; Owner: postgres
--

ALTER TABLE ONLY "Identity"."UserProfiles"
    ADD CONSTRAINT "FK_UserProfiles_AspNetUsers_UserId" FOREIGN KEY ("UserId") REFERENCES "Identity"."AspNetUsers"("Id") ON DELETE CASCADE;


--
-- Name: WorkExperienceEntry FK_WorkExperienceEntry_UserProfiles_UserProfileUserId; Type: FK CONSTRAINT; Schema: Identity; Owner: postgres
--

ALTER TABLE ONLY "Identity"."WorkExperienceEntry"
    ADD CONSTRAINT "FK_WorkExperienceEntry_UserProfiles_UserProfileUserId" FOREIGN KEY ("UserProfileUserId") REFERENCES "Identity"."UserProfiles"("UserId") ON DELETE CASCADE;


--
-- PostgreSQL database dump complete
--

